{"cameraMode":{"drawMode":0,"name":"Shaded","section":"Shading Mode"},"sceneLighting":false,"audioPlay":false,"sceneViewState":{"m_AlwaysRefresh":false,"showFog":true,"showSkybox":false,"showFlares":true,"showImageEffects":true,"showParticleSystems":true,"showVisualEffectGraphs":true,"m_FxEnabled":true},"in2DMode":false,"pivot":{"x":-1.920873999595642,"y":25.216766357421876,"z":48.44797897338867},"rotation":{"x":-0.1375112533569336,"y":-0.02091464214026928,"z":0.0019498071633279324,"w":-0.9899743795394898},"size":2.3754770755767824,"orthographic":false}