{"cameraMode":{"drawMode":0,"name":"Shaded","section":"Shading Mode"},"sceneLighting":false,"audioPlay":false,"sceneViewState":{"m_AlwaysRefresh":false,"showFog":true,"showSkybox":false,"showFlares":true,"showImageEffects":true,"showParticleSystems":true,"showVisualEffectGraphs":true,"m_FxEnabled":true},"in2DMode":false,"pivot":{"x":2.7662434577941896,"y":8.889278411865235,"z":73.72998046875},"rotation":{"x":-0.16272220015525819,"y":-0.0030723202507942917,"z":-0.00025133241433650255,"w":-0.9863457083702087},"size":0.9488512873649597,"orthographic":false}