{"cameraMode":{"drawMode":0,"name":"Shaded","section":"Shading Mode"},"sceneLighting":true,"audioPlay":false,"sceneViewState":{"m_AlwaysRefresh":false,"showFog":true,"showSkybox":true,"showFlares":true,"showImageEffects":true,"showParticleSystems":true,"showVisualEffectGraphs":true,"m_FxEnabled":true},"in2DMode":false,"pivot":{"x":-72.15654754638672,"y":15.674432754516602,"z":-62.76084518432617},"rotation":{"x":0.05082288384437561,"y":-0.0778195858001709,"z":0.003972244448959827,"w":0.9956629872322083},"size":20.852907180786134,"orthographic":false}