{"cameraMode":{"drawMode":0,"name":"Shaded","section":"Shading Mode"},"sceneLighting":true,"audioPlay":false,"sceneViewState":{"m_AlwaysRefresh":false,"showFog":true,"showSkybox":true,"showFlares":true,"showImageEffects":true,"showParticleSystems":true,"showVisualEffectGraphs":true,"m_FxEnabled":true},"in2DMode":false,"pivot":{"x":0.9249148368835449,"y":28.042861938476564,"z":-18.82213020324707},"rotation":{"x":-0.6619312167167664,"y":0.0005934105720371008,"z":-0.00067411974305287,"w":-0.7496871948242188},"size":65.19709014892578,"orthographic":false}