{"cameraMode":{"drawMode":0,"name":"Shaded","section":"Shading Mode"},"sceneLighting":true,"audioPlay":false,"sceneViewState":{"m_AlwaysRefresh":false,"showFog":true,"showSkybox":true,"showFlares":true,"showImageEffects":true,"showParticleSystems":true,"showVisualEffectGraphs":true,"m_FxEnabled":true},"in2DMode":false,"pivot":{"x":-3.2116665840148927,"y":3.289703607559204,"z":-2.5473296642303469},"rotation":{"x":0.24749000370502473,"y":0.04189224913716316,"z":-0.007595463190227747,"w":0.9679062962532044},"size":1.6036988496780396,"orthographic":false}